{"cameraMode":{"drawMode":0,"name":"Shaded","section":"Shading Mode"},"sceneLighting":true,"audioPlay":false,"sceneViewState":{"m_AlwaysRefresh":false,"showFog":true,"showSkybox":true,"showFlares":true,"showImageEffects":true,"showParticleSystems":true,"showVisualEffectGraphs":true,"m_FxEnabled":true},"in2DMode":false,"pivot":{"x":26.99884796142578,"y":12.96732234954834,"z":-32.74876403808594},"rotation":{"x":0.026186726987361909,"y":-0.44952595233917239,"z":0.013365399092435837,"w":0.8929743766784668},"size":2.8367748260498049,"orthographic":false}